Year,Name,Count,Gender
1880,Mary,7065,F
1881,Mary,6919,F
1882,Mary,8148,F
1883,Mary,8012,F
1884,Mary,9217,F
1885,Mary,9128,F
1886,Mary,9890,F
1887,Mary,9888,F
1888,Mary,11754,F
1889,Mary,11648,F
1890,Mary,12078,F
1891,Mary,11703,F
1892,Mary,13173,F
1893,Mary,12784,F
1894,Mary,13151,F
1895,Mary,13446,F
1896,Mary,13811,F
1897,Mary,13413,F
1898,Mary,14406,F
1899,Mary,13172,F
1900,Mary,16707,F
1901,Mary,13136,F
1902,Mary,14486,F
1903,Mary,14275,F
1904,Mary,14962,F
1905,Mary,16067,F
1906,Mary,16370,F
1907,Mary,17580,F
1908,Mary,18666,F
1909,Mary,19259,F
1910,Mary,22848,F
1911,Mary,24390,F
1912,Mary,32303,F
1913,Mary,36641,F
1914,Mary,45344,F
1915,Mary,58187,F
1916,Mary,61437,F
1917,Mary,64280,F
1918,Mary,67370,F
1919,Mary,65840,F
1920,Mary,70976,F
1921,Mary,73985,F
1922,Mary,72171,F
1923,Mary,71634,F
1924,Mary,73527,F
1925,Mary,70601,F
1926,Mary,67823,F
1927,Mary,70632,F
1928,Mary,66866,F
1929,Mary,63508,F
1930,Mary,64134,F
1931,Mary,60293,F
1932,Mary,59871,F
1933,Mary,55493,F
1934,Mary,56918,F
1935,Mary,55067,F
1936,Mary,54363,F
1937,Mary,55640,F
1938,Mary,56211,F
1939,Mary,54900,F
1940,Mary,56195,F
1941,Mary,58031,F
1942,Mary,63238,F
1943,Mary,66171,F
1944,Mary,62463,F
1945,Mary,59284,F
1946,Mary,67463,F
1947,Mary,71684,F
1948,Mary,68595,F
1949,Mary,66862,F
1950,Mary,65460,F
1951,Mary,65689,F
1952,Mary,65681,F
1953,Mary,64337,F
1954,Mary,68001,F
1955,Mary,63160,F
1956,Mary,61751,F
1957,Mary,61096,F
1958,Mary,55850,F
1959,Mary,54473,F
1960,Mary,51479,F
1961,Mary,47667,F
1962,Mary,43497,F
1963,Mary,41548,F
1964,Mary,40986,F
1965,Mary,34270,F
1966,Mary,28884,F
1967,Mary,25314,F
1968,Mary,21722,F
1969,Mary,19851,F
1970,Mary,19201,F
1971,Mary,16698,F
1972,Mary,13762,F
1973,Mary,12321,F
1974,Mary,11750,F
1975,Mary,10964,F
1976,Mary,10326,F
1977,Mary,10661,F
1978,Mary,10047,F
1979,Mary,10554,F
1980,Mary,11473,F
1981,Mary,11037,F
1982,Mary,10850,F
1983,Mary,9893,F
1984,Mary,9288,F
1985,Mary,9239,F
1986,Mary,8503,F
1987,Mary,8395,F
1988,Mary,8508,F
1989,Mary,8642,F
1990,Mary,8664,F
1991,Mary,8756,F
1992,Mary,8452,F
1993,Mary,8110,F
1994,Mary,7746,F
1995,Mary,7433,F
1996,Mary,6942,F
1997,Mary,6626,F
1998,Mary,6429,F
1999,Mary,6359,F
2000,Mary,6182,F
2001,Mary,5724,F
2002,Mary,5450,F
2003,Mary,5009,F
2004,Mary,4803,F
2005,Mary,4447,F
2006,Mary,4081,F
2007,Mary,3673,F
2008,Mary,3490,F
2009,Mary,3154,F
2010,Mary,2862,F
2011,Mary,2701,F
2012,Mary,2565,F
2013,Mary,2632,F
2014,Mary,2611,F
1880,Linda,27,F
1881,Linda,38,F
1882,Linda,36,F
1883,Linda,49,F
1884,Linda,33,F
1885,Linda,60,F
1886,Linda,49,F
1887,Linda,50,F
1888,Linda,77,F
1889,Linda,74,F
1890,Linda,54,F
1891,Linda,78,F
1892,Linda,83,F
1893,Linda,83,F
1894,Linda,94,F
1895,Linda,96,F
1896,Linda,104,F
1897,Linda,81,F
1898,Linda,102,F
1899,Linda,98,F
1900,Linda,126,F
1901,Linda,86,F
1902,Linda,91,F
1903,Linda,90,F
1904,Linda,101,F
1905,Linda,106,F
1906,Linda,98,F
1907,Linda,102,F
1908,Linda,93,F
1909,Linda,105,F
1910,Linda,137,F
1911,Linda,130,F
1912,Linda,189,F
1913,Linda,238,F
1914,Linda,219,F
1915,Linda,290,F
1916,Linda,297,F
1917,Linda,291,F
1918,Linda,322,F
1919,Linda,282,F
1920,Linda,350,F
1921,Linda,367,F
1922,Linda,365,F
1923,Linda,423,F
1924,Linda,454,F
1925,Linda,438,F
1926,Linda,479,F
1927,Linda,516,F
1928,Linda,554,F
1929,Linda,509,F
1930,Linda,493,F
1931,Linda,534,F
1932,Linda,775,F
1933,Linda,786,F
1934,Linda,1001,F
1935,Linda,1197,F
1936,Linda,2439,F
1937,Linda,4380,F
1938,Linda,7047,F
1939,Linda,10712,F
1940,Linda,18369,F
1941,Linda,23718,F
1942,Linda,31609,F
1943,Linda,38438,F
1944,Linda,38407,F
1945,Linda,41465,F
1946,Linda,52708,F
1947,Linda,99680,F
1948,Linda,96205,F
1949,Linda,91010,F
1950,Linda,80431,F
1951,Linda,73933,F
1952,Linda,67096,F
1953,Linda,61244,F
1954,Linda,55372,F
1955,Linda,51275,F
1956,Linda,48065,F
1957,Linda,44496,F
1958,Linda,41900,F
1959,Linda,40407,F
1960,Linda,37315,F
1961,Linda,35570,F
1962,Linda,31462,F
1963,Linda,27710,F
1964,Linda,23631,F
1965,Linda,19339,F
1966,Linda,15560,F
1967,Linda,13198,F
1968,Linda,11367,F
1969,Linda,10249,F
1970,Linda,8737,F
1971,Linda,7378,F
1972,Linda,5747,F
1973,Linda,4738,F
1974,Linda,4085,F
1975,Linda,3525,F
1976,Linda,3142,F
1977,Linda,2909,F
1978,Linda,2936,F
1979,Linda,2740,F
1980,Linda,2805,F
1981,Linda,2729,F
1982,Linda,2787,F
1983,Linda,2473,F
1984,Linda,2333,F
1985,Linda,2112,F
1986,Linda,1950,F
1987,Linda,1930,F
1988,Linda,1844,F
1989,Linda,1843,F
1990,Linda,1660,F
1991,Linda,1608,F
1992,Linda,1581,F
1993,Linda,1486,F
1994,Linda,1282,F
1995,Linda,1233,F
1996,Linda,985,F
1997,Linda,1094,F
1998,Linda,970,F
1999,Linda,898,F
2000,Linda,848,F
2001,Linda,837,F
2002,Linda,769,F
2003,Linda,739,F
2004,Linda,727,F
2005,Linda,745,F
2006,Linda,698,F
2007,Linda,659,F
2008,Linda,611,F
2009,Linda,548,F
2010,Linda,474,F
2011,Linda,488,F
2012,Linda,448,F
2013,Linda,439,F
2014,Linda,466,F
1886,Lisa,6,F
1896,Lisa,5,F
1899,Lisa,7,F
1904,Lisa,9,F
1905,Lisa,5,F
1907,Lisa,7,F
1910,Lisa,9,F
1911,Lisa,9,F
1912,Lisa,7,F
1913,Lisa,16,F
1914,Lisa,12,F
1915,Lisa,14,F
1916,Lisa,11,F
1917,Lisa,13,F
1918,Lisa,15,F
1919,Lisa,14,F
1920,Lisa,17,F
1921,Lisa,17,F
1922,Lisa,15,F
1923,Lisa,15,F
1924,Lisa,23,F
1925,Lisa,13,F
1926,Lisa,31,F
1927,Lisa,15,F
1928,Lisa,12,F
1929,Lisa,22,F
1930,Lisa,34,F
1931,Lisa,29,F
1932,Lisa,41,F
1933,Lisa,21,F
1934,Lisa,33,F
1935,Lisa,31,F
1936,Lisa,47,F
1937,Lisa,53,F
1938,Lisa,80,F
1939,Lisa,78,F
1940,Lisa,89,F
1941,Lisa,93,F
1942,Lisa,125,F
1943,Lisa,163,F
1944,Lisa,193,F
1945,Lisa,250,F
1946,Lisa,328,F
1947,Lisa,422,F
1948,Lisa,468,F
1949,Lisa,598,F
1950,Lisa,1177,F
1951,Lisa,1701,F
1952,Lisa,2845,F
1953,Lisa,3604,F
1954,Lisa,5909,F
1955,Lisa,8537,F
1956,Lisa,11018,F
1957,Lisa,15129,F
1958,Lisa,20211,F
1959,Lisa,25691,F
1960,Lisa,33705,F
1961,Lisa,42695,F
1962,Lisa,46083,F
1963,Lisa,56039,F
1964,Lisa,54275,F
1965,Lisa,60268,F
1966,Lisa,56913,F
1967,Lisa,52430,F
1968,Lisa,49532,F
1969,Lisa,45032,F
1970,Lisa,38960,F
1971,Lisa,32906,F
1972,Lisa,27546,F
1973,Lisa,22665,F
1974,Lisa,19776,F
1975,Lisa,18130,F
1976,Lisa,17349,F
1977,Lisa,17012,F
1978,Lisa,17032,F
1979,Lisa,17284,F
1980,Lisa,15660,F
1981,Lisa,14292,F
1982,Lisa,12644,F
1983,Lisa,11466,F
1984,Lisa,10235,F
1985,Lisa,9014,F
1986,Lisa,7899,F
1987,Lisa,7549,F
1988,Lisa,7261,F
1989,Lisa,6574,F
1990,Lisa,5344,F
1991,Lisa,4397,F
1992,Lisa,3781,F
1993,Lisa,3224,F
1994,Lisa,2565,F
1995,Lisa,2237,F
1996,Lisa,1865,F
1997,Lisa,1545,F
1998,Lisa,1363,F
1999,Lisa,1112,F
2000,Lisa,1088,F
2001,Lisa,908,F
2002,Lisa,830,F
2003,Lisa,811,F
2004,Lisa,709,F
2005,Lisa,618,F
2006,Lisa,607,F
2007,Lisa,524,F
2008,Lisa,507,F
2009,Lisa,420,F
2010,Lisa,395,F
2011,Lisa,395,F
2012,Lisa,394,F
2013,Lisa,351,F
2014,Lisa,371,F
1916,Jennifer,5,F
1919,Jennifer,6,F
1920,Jennifer,7,F
1921,Jennifer,5,F
1922,Jennifer,7,F
1923,Jennifer,9,F
1924,Jennifer,11,F
1925,Jennifer,9,F
1926,Jennifer,10,F
1927,Jennifer,5,F
1928,Jennifer,7,F
1929,Jennifer,17,F
1930,Jennifer,17,F
1931,Jennifer,26,F
1932,Jennifer,25,F
1933,Jennifer,30,F
1934,Jennifer,41,F
1935,Jennifer,36,F
1936,Jennifer,42,F
1937,Jennifer,38,F
1938,Jennifer,52,F
1939,Jennifer,62,F
1940,Jennifer,102,F
1941,Jennifer,136,F
1942,Jennifer,199,F
1943,Jennifer,337,F
1944,Jennifer,686,F
1945,Jennifer,986,F
1946,Jennifer,1733,F
1947,Jennifer,2013,F
1948,Jennifer,1881,F
1949,Jennifer,2621,F
1950,Jennifer,2802,F
1951,Jennifer,2973,F
1952,Jennifer,3532,F
1953,Jennifer,3376,F
1954,Jennifer,3960,F
1955,Jennifer,4127,F
1956,Jennifer,4712,F
1957,Jennifer,5481,F
1958,Jennifer,5880,F
1959,Jennifer,6232,F
1960,Jennifer,7242,F
1961,Jennifer,9266,F
1962,Jennifer,10980,F
1963,Jennifer,11761,F
1964,Jennifer,12959,F
1965,Jennifer,15211,F
1966,Jennifer,18216,F
1967,Jennifer,18238,F
1968,Jennifer,26850,F
1969,Jennifer,33705,F
1970,Jennifer,46160,F
1971,Jennifer,56786,F
1972,Jennifer,63606,F
1973,Jennifer,62454,F
1974,Jennifer,63111,F
1975,Jennifer,58185,F
1976,Jennifer,59479,F
1977,Jennifer,58960,F
1978,Jennifer,56311,F
1979,Jennifer,56715,F
1980,Jennifer,58385,F
1981,Jennifer,57041,F
1982,Jennifer,57109,F
1983,Jennifer,54336,F
1984,Jennifer,50559,F
1985,Jennifer,42649,F
1986,Jennifer,36181,F
1987,Jennifer,32693,F
1988,Jennifer,27885,F
1989,Jennifer,23991,F
1990,Jennifer,22221,F
1991,Jennifer,20669,F
1992,Jennifer,17817,F
1993,Jennifer,15748,F
1994,Jennifer,13997,F
1995,Jennifer,12685,F
1996,Jennifer,11728,F
1997,Jennifer,11837,F
1998,Jennifer,10687,F
1999,Jennifer,10610,F
2000,Jennifer,9385,F
2001,Jennifer,8920,F
2002,Jennifer,8536,F
2003,Jennifer,7564,F
2004,Jennifer,6541,F
2005,Jennifer,5832,F
2006,Jennifer,5265,F
2007,Jennifer,4648,F
2008,Jennifer,3791,F
2009,Jennifer,2986,F
2010,Jennifer,2616,F
2011,Jennifer,2276,F
2012,Jennifer,1921,F
2013,Jennifer,1688,F
2014,Jennifer,1514,F
1917,Ashley,5,F
1938,Ashley,7,F
1941,Ashley,6,F
1942,Ashley,8,F
1943,Ashley,10,F
1944,Ashley,12,F
1945,Ashley,10,F
1946,Ashley,7,F
1947,Ashley,11,F
1948,Ashley,13,F
1949,Ashley,11,F
1950,Ashley,15,F
1951,Ashley,15,F
1952,Ashley,24,F
1953,Ashley,15,F
1954,Ashley,21,F
1955,Ashley,8,F
1956,Ashley,25,F
1957,Ashley,27,F
1958,Ashley,38,F
1959,Ashley,37,F
1960,Ashley,57,F
1961,Ashley,80,F
1962,Ashley,95,F
1963,Ashley,108,F
1964,Ashley,180,F
1965,Ashley,218,F
1966,Ashley,263,F
1967,Ashley,386,F
1968,Ashley,544,F
1969,Ashley,642,F
1970,Ashley,931,F
1971,Ashley,1164,F
1972,Ashley,1176,F
1973,Ashley,1255,F
1974,Ashley,1626,F
1975,Ashley,1988,F
1976,Ashley,2292,F
1977,Ashley,2705,F
1978,Ashley,3483,F
1979,Ashley,4450,F
1980,Ashley,7295,F
1981,Ashley,8875,F
1982,Ashley,14848,F
1983,Ashley,33292,F
1984,Ashley,38758,F
1985,Ashley,47006,F
1986,Ashley,49673,F
1987,Ashley,54840,F
1988,Ashley,49964,F
1989,Ashley,47586,F
1990,Ashley,45549,F
1991,Ashley,43482,F
1992,Ashley,38453,F
1993,Ashley,34846,F
1994,Ashley,30277,F
1995,Ashley,26603,F
1996,Ashley,23675,F
1997,Ashley,20894,F
1998,Ashley,19869,F
1999,Ashley,18131,F
2000,Ashley,17995,F
2001,Ashley,16524,F
2002,Ashley,15337,F
2003,Ashley,14512,F
2004,Ashley,14369,F
2005,Ashley,13270,F
2006,Ashley,12339,F
2007,Ashley,11422,F
2008,Ashley,9400,F
2009,Ashley,7809,F
2010,Ashley,6305,F
2011,Ashley,5394,F
2012,Ashley,4691,F
2013,Ashley,3930,F
2014,Ashley,3539,F
1880,Jessica,7,F
1881,Jessica,7,F
1882,Jessica,8,F
1883,Jessica,6,F
1884,Jessica,14,F
1885,Jessica,6,F
1886,Jessica,11,F
1887,Jessica,8,F
1888,Jessica,18,F
1889,Jessica,9,F
1890,Jessica,18,F
1891,Jessica,14,F
1892,Jessica,14,F
1893,Jessica,15,F
1894,Jessica,10,F
1895,Jessica,19,F
1896,Jessica,9,F
1897,Jessica,9,F
1898,Jessica,13,F
1899,Jessica,14,F
1900,Jessica,23,F
1901,Jessica,8,F
1902,Jessica,9,F
1903,Jessica,16,F
1904,Jessica,16,F
1905,Jessica,17,F
1906,Jessica,18,F
1907,Jessica,17,F
1908,Jessica,17,F
1909,Jessica,18,F
1910,Jessica,28,F
1911,Jessica,21,F
1912,Jessica,36,F
1913,Jessica,25,F
1914,Jessica,42,F
1915,Jessica,55,F
1916,Jessica,53,F
1917,Jessica,55,F
1918,Jessica,56,F
1919,Jessica,40,F
1920,Jessica,43,F
1921,Jessica,48,F
1922,Jessica,40,F
1923,Jessica,53,F
1924,Jessica,41,F
1925,Jessica,34,F
1926,Jessica,35,F
1927,Jessica,39,F
1928,Jessica,36,F
1929,Jessica,42,F
1930,Jessica,38,F
1931,Jessica,39,F
1932,Jessica,44,F
1933,Jessica,43,F
1934,Jessica,46,F
1935,Jessica,47,F
1936,Jessica,43,F
1937,Jessica,72,F
1938,Jessica,50,F
1939,Jessica,77,F
1940,Jessica,61,F
1941,Jessica,81,F
1942,Jessica,127,F
1943,Jessica,121,F
1944,Jessica,124,F
1945,Jessica,132,F
1946,Jessica,240,F
1947,Jessica,430,F
1948,Jessica,482,F
1949,Jessica,406,F
1950,Jessica,402,F
1951,Jessica,466,F
1952,Jessica,451,F
1953,Jessica,495,F
1954,Jessica,423,F
1955,Jessica,386,F
1956,Jessica,406,F
1957,Jessica,476,F
1958,Jessica,529,F
1959,Jessica,523,F
1960,Jessica,559,F
1961,Jessica,669,F
1962,Jessica,867,F
1963,Jessica,1120,F
1964,Jessica,1172,F
1965,Jessica,1530,F
1966,Jessica,1664,F
1967,Jessica,1761,F
1968,Jessica,1843,F
1969,Jessica,2490,F
1970,Jessica,4022,F
1971,Jessica,5359,F
1972,Jessica,6208,F
1973,Jessica,7227,F
1974,Jessica,10654,F
1975,Jessica,12929,F
1976,Jessica,18373,F
1977,Jessica,24844,F
1978,Jessica,26104,F
1979,Jessica,27779,F
1980,Jessica,33920,F
1981,Jessica,42526,F
1982,Jessica,45443,F
1983,Jessica,45278,F
1984,Jessica,45849,F
1985,Jessica,48346,F
1986,Jessica,52667,F
1987,Jessica,55985,F
1988,Jessica,51530,F
1989,Jessica,47882,F
1990,Jessica,46466,F
1991,Jessica,43395,F
1992,Jessica,38351,F
1993,Jessica,34984,F
1994,Jessica,32116,F
1995,Jessica,27938,F
1996,Jessica,24191,F
1997,Jessica,21043,F
1998,Jessica,18231,F
1999,Jessica,16345,F
2000,Jessica,15704,F
2001,Jessica,13916,F
2002,Jessica,11912,F
2003,Jessica,10445,F
2004,Jessica,9469,F
2005,Jessica,8107,F
2006,Jessica,6809,F
2007,Jessica,5701,F
2008,Jessica,4731,F
2009,Jessica,3791,F
2010,Jessica,3192,F
2011,Jessica,2620,F
2012,Jessica,2323,F
2013,Jessica,1945,F
2014,Jessica,1779,F
1880,Emily,210,F
1881,Emily,244,F
1882,Emily,272,F
1883,Emily,342,F
1884,Emily,364,F
1885,Emily,346,F
1886,Emily,369,F
1887,Emily,335,F
1888,Emily,457,F
1889,Emily,429,F
1890,Emily,509,F
1891,Emily,444,F
1892,Emily,518,F
1893,Emily,506,F
1894,Emily,551,F
1895,Emily,605,F
1896,Emily,527,F
1897,Emily,619,F
1898,Emily,628,F
1899,Emily,569,F
1900,Emily,626,F
1901,Emily,537,F
1902,Emily,606,F
1903,Emily,558,F
1904,Emily,599,F
1905,Emily,683,F
1906,Emily,619,F
1907,Emily,714,F
1908,Emily,732,F
1909,Emily,749,F
1910,Emily,785,F
1911,Emily,909,F
1912,Emily,1147,F
1913,Emily,1387,F
1914,Emily,1650,F
1915,Emily,2091,F
1916,Emily,2213,F
1917,Emily,2220,F
1918,Emily,2361,F
1919,Emily,2307,F
1920,Emily,2167,F
1921,Emily,2183,F
1922,Emily,2147,F
1923,Emily,2056,F
1924,Emily,2044,F
1925,Emily,1765,F
1926,Emily,1730,F
1927,Emily,1656,F
1928,Emily,1554,F
1929,Emily,1445,F
1930,Emily,1346,F
1931,Emily,1188,F
1932,Emily,1146,F
1933,Emily,1062,F
1934,Emily,1068,F
1935,Emily,1093,F
1936,Emily,1123,F
1937,Emily,1293,F
1938,Emily,1309,F
1939,Emily,1292,F
1940,Emily,1269,F
1941,Emily,1368,F
1942,Emily,1419,F
1943,Emily,1335,F
1944,Emily,1251,F
1945,Emily,1134,F
1946,Emily,1379,F
1947,Emily,1467,F
1948,Emily,1392,F
1949,Emily,1394,F
1950,Emily,1316,F
1951,Emily,1287,F
1952,Emily,1393,F
1953,Emily,1324,F
1954,Emily,1341,F
1955,Emily,1307,F
1956,Emily,1279,F
1957,Emily,1206,F
1958,Emily,1174,F
1959,Emily,1212,F
1960,Emily,1223,F
1961,Emily,1149,F
1962,Emily,1078,F
1963,Emily,1108,F
1964,Emily,1130,F
1965,Emily,1288,F
1966,Emily,1250,F
1967,Emily,1206,F
1968,Emily,1328,F
1969,Emily,1576,F
1970,Emily,1931,F
1971,Emily,1869,F
1972,Emily,2332,F
1973,Emily,3029,F
1974,Emily,4331,F
1975,Emily,5484,F
1976,Emily,5546,F
1977,Emily,6880,F
1978,Emily,7480,F
1979,Emily,7976,F
1980,Emily,9005,F
1981,Emily,10800,F
1982,Emily,12518,F
1983,Emily,12375,F
1984,Emily,12782,F
1985,Emily,13133,F
1986,Emily,13232,F
1987,Emily,14711,F
1988,Emily,15863,F
1989,Emily,17322,F
1990,Emily,19358,F
1991,Emily,20309,F
1992,Emily,21832,F
1993,Emily,23591,F
1994,Emily,24148,F
1995,Emily,24377,F
1996,Emily,25149,F
1997,Emily,25731,F
1998,Emily,26179,F
1999,Emily,26537,F
2000,Emily,25952,F
2001,Emily,25052,F
2002,Emily,24457,F
2003,Emily,25685,F
2004,Emily,25025,F
2005,Emily,23928,F
2006,Emily,21389,F
2007,Emily,19345,F
2008,Emily,17421,F
2009,Emily,15336,F
2010,Emily,14260,F
2011,Emily,14236,F
2012,Emily,13619,F
2013,Emily,13090,F
2014,Emily,12562,F
1880,Sophia,138,F
1881,Sophia,122,F
1882,Sophia,179,F
1883,Sophia,159,F
1884,Sophia,170,F
1885,Sophia,185,F
1886,Sophia,218,F
1887,Sophia,192,F
1888,Sophia,251,F
1889,Sophia,251,F
1890,Sophia,245,F
1891,Sophia,220,F
1892,Sophia,241,F
1893,Sophia,247,F
1894,Sophia,276,F
1895,Sophia,259,F
1896,Sophia,278,F
1897,Sophia,278,F
1898,Sophia,240,F
1899,Sophia,238,F
1900,Sophia,259,F
1901,Sophia,221,F
1902,Sophia,256,F
1903,Sophia,213,F
1904,Sophia,230,F
1905,Sophia,237,F
1906,Sophia,247,F
1907,Sophia,265,F
1908,Sophia,276,F
1909,Sophia,256,F
1910,Sophia,271,F
1911,Sophia,272,F
1912,Sophia,397,F
1913,Sophia,429,F
1914,Sophia,548,F
1915,Sophia,692,F
1916,Sophia,697,F
1917,Sophia,698,F
1918,Sophia,629,F
1919,Sophia,604,F
1920,Sophia,545,F
1921,Sophia,489,F
1922,Sophia,391,F
1923,Sophia,369,F
1924,Sophia,357,F
1925,Sophia,288,F
1926,Sophia,234,F
1927,Sophia,240,F
1928,Sophia,195,F
1929,Sophia,169,F
1930,Sophia,152,F
1931,Sophia,133,F
1932,Sophia,132,F
1933,Sophia,103,F
1934,Sophia,107,F
1935,Sophia,101,F
1936,Sophia,98,F
1937,Sophia,104,F
1938,Sophia,88,F
1939,Sophia,99,F
1940,Sophia,105,F
1941,Sophia,107,F
1942,Sophia,81,F
1943,Sophia,104,F
1944,Sophia,104,F
1945,Sophia,103,F
1946,Sophia,106,F
1947,Sophia,108,F
1948,Sophia,112,F
1949,Sophia,122,F
1950,Sophia,109,F
1951,Sophia,153,F
1952,Sophia,111,F
1953,Sophia,131,F
1954,Sophia,112,F
1955,Sophia,152,F
1956,Sophia,121,F
1957,Sophia,187,F
1958,Sophia,227,F
1959,Sophia,275,F
1960,Sophia,262,F
1961,Sophia,324,F
1962,Sophia,485,F
1963,Sophia,523,F
1964,Sophia,470,F
1965,Sophia,507,F
1966,Sophia,589,F
1967,Sophia,601,F
1968,Sophia,546,F
1969,Sophia,593,F
1970,Sophia,582,F
1971,Sophia,593,F
1972,Sophia,485,F
1973,Sophia,455,F
1974,Sophia,387,F
1975,Sophia,381,F
1976,Sophia,366,F
1977,Sophia,433,F
1978,Sophia,412,F
1979,Sophia,490,F
1980,Sophia,642,F
1981,Sophia,1232,F
1982,Sophia,1160,F
1983,Sophia,1195,F
1984,Sophia,1083,F
1985,Sophia,1097,F
1986,Sophia,1060,F
1987,Sophia,1122,F
1988,Sophia,1163,F
1989,Sophia,1058,F
1990,Sophia,1125,F
1991,Sophia,1259,F
1992,Sophia,1353,F
1993,Sophia,1498,F
1994,Sophia,1613,F
1995,Sophia,1763,F
1996,Sophia,2513,F
1997,Sophia,3639,F
1998,Sophia,4304,F
1999,Sophia,5422,F
2000,Sophia,6562,F
2001,Sophia,7158,F
2002,Sophia,8663,F
2003,Sophia,9682,F
2004,Sophia,10915,F
2005,Sophia,12667,F
2006,Sophia,13495,F
2007,Sophia,17014,F
2008,Sophia,16073,F
2009,Sophia,16925,F
2010,Sophia,20612,F
2011,Sophia,21816,F
2012,Sophia,22267,F
2013,Sophia,21147,F
2014,Sophia,18490,F
1880,Emma,2003,F
1881,Emma,2034,F
1882,Emma,2303,F
1883,Emma,2367,F
1884,Emma,2587,F
1885,Emma,2728,F
1886,Emma,2764,F
1887,Emma,2647,F
1888,Emma,3087,F
1889,Emma,2884,F
1890,Emma,2980,F
1891,Emma,2884,F
1892,Emma,3128,F
1893,Emma,2968,F
1894,Emma,2937,F
1895,Emma,2952,F
1896,Emma,2872,F
1897,Emma,2698,F
1898,Emma,2788,F
1899,Emma,2445,F
1900,Emma,3095,F
1901,Emma,2374,F
1902,Emma,2514,F
1903,Emma,2308,F
1904,Emma,2312,F
1905,Emma,2298,F
1906,Emma,2224,F
1907,Emma,2356,F
1908,Emma,2357,F
1909,Emma,2338,F
1910,Emma,2607,F
1911,Emma,2616,F
1912,Emma,3357,F
1913,Emma,3474,F
1914,Emma,3972,F
1915,Emma,5044,F
1916,Emma,5217,F
1917,Emma,5121,F
1918,Emma,5323,F
1919,Emma,5088,F
1920,Emma,5237,F
1921,Emma,5073,F
1922,Emma,5013,F
1923,Emma,4974,F
1924,Emma,4899,F
1925,Emma,4711,F
1926,Emma,4478,F
1927,Emma,4326,F
1928,Emma,4021,F
1929,Emma,3804,F
1930,Emma,3555,F
1931,Emma,3306,F
1932,Emma,3327,F
1933,Emma,3150,F
1934,Emma,2939,F
1935,Emma,2803,F
1936,Emma,2831,F
1937,Emma,2749,F
1938,Emma,2667,F
1939,Emma,2686,F
1940,Emma,2606,F
1941,Emma,2545,F
1942,Emma,2605,F
1943,Emma,2421,F
1944,Emma,2247,F
1945,Emma,2052,F
1946,Emma,2072,F
1947,Emma,2141,F
1948,Emma,2099,F
1949,Emma,1998,F
1950,Emma,1898,F
1951,Emma,1726,F
1952,Emma,1712,F
1953,Emma,1590,F
1954,Emma,1528,F
1955,Emma,1456,F
1956,Emma,1346,F
1957,Emma,1215,F
1958,Emma,1086,F
1959,Emma,1058,F
1960,Emma,981,F
1961,Emma,886,F
1962,Emma,796,F
1963,Emma,725,F
1964,Emma,770,F
1965,Emma,638,F
1966,Emma,621,F
1967,Emma,564,F
1968,Emma,494,F
1969,Emma,516,F
1970,Emma,527,F
1971,Emma,471,F
1972,Emma,454,F
1973,Emma,419,F
1974,Emma,495,F
1975,Emma,477,F
1976,Emma,418,F
1977,Emma,478,F
1978,Emma,442,F
1979,Emma,486,F
1980,Emma,534,F
1981,Emma,533,F
1982,Emma,561,F
1983,Emma,552,F
1984,Emma,674,F
1985,Emma,940,F
1986,Emma,1257,F
1987,Emma,1588,F
1988,Emma,1787,F
1989,Emma,1932,F
1990,Emma,2415,F
1991,Emma,2591,F
1992,Emma,3206,F
1993,Emma,4099,F
1994,Emma,4756,F
1995,Emma,5039,F
1996,Emma,6133,F
1997,Emma,7731,F
1998,Emma,10431,F
1999,Emma,11720,F
2000,Emma,12540,F
2001,Emma,13304,F
2002,Emma,16530,F
2003,Emma,22701,F
2004,Emma,21599,F
2005,Emma,20334,F
2006,Emma,19107,F
2007,Emma,18361,F
2008,Emma,18799,F
2009,Emma,17881,F
2010,Emma,17322,F
2011,Emma,18777,F
2012,Emma,20902,F
2013,Emma,20876,F
2014,Emma,20799,F
1880,John,9655,M
1881,John,8769,M
1882,John,9557,M
1883,John,8894,M
1884,John,9388,M
1885,John,8756,M
1886,John,9026,M
1887,John,8110,M
1888,John,9248,M
1889,John,8548,M
1890,John,8502,M
1891,John,7681,M
1892,John,9039,M
1893,John,8049,M
1894,John,8238,M
1895,John,8321,M
1896,John,8139,M
1897,John,7550,M
1898,John,8159,M
1899,John,6990,M
1900,John,9829,M
1901,John,6899,M
1902,John,7907,M
1903,John,7608,M
1904,John,8108,M
1905,John,8060,M
1906,John,8264,M
1907,John,8983,M
1908,John,9342,M
1909,John,9591,M
1910,John,11450,M
1911,John,13445,M
1912,John,24587,M
1913,John,29329,M
1914,John,37948,M
1915,John,47577,M
1916,John,50046,M
1917,John,51851,M
1918,John,56559,M
1919,John,53532,M
1920,John,56910,M
1921,John,58228,M
1922,John,57278,M
1923,John,57471,M
1924,John,59056,M
1925,John,57191,M
1926,John,56112,M
1927,John,55948,M
1928,John,53747,M
1929,John,52102,M
1930,John,52431,M
1931,John,48401,M
1932,John,48596,M
1933,John,46220,M
1934,John,46736,M
1935,John,47492,M
1936,John,47661,M
1937,John,48739,M
1938,John,50507,M
1939,John,51021,M
1940,John,54763,M
1941,John,57511,M
1942,John,66021,M
1943,John,68917,M
1944,John,66610,M
1945,John,66123,M
1946,John,79248,M
1947,John,88318,M
1948,John,82826,M
1949,John,81154,M
1950,John,79410,M
1951,John,81512,M
1952,John,83121,M
1953,John,80072,M
1954,John,81128,M
1955,John,80018,M
1956,John,80760,M
1957,John,78983,M
1958,John,75986,M
1959,John,76428,M
1960,John,76121,M
1961,John,79904,M
1962,John,78447,M
1963,John,78647,M
1964,John,82536,M
1965,John,71563,M
1966,John,65056,M
1967,John,61629,M
1968,John,60924,M
1969,John,58791,M
1970,John,58540,M
1971,John,51519,M
1972,John,43183,M
1973,John,39175,M
1974,John,37655,M
1975,John,35098,M
1976,John,33989,M
1977,John,34232,M
1978,John,34026,M
1979,John,35434,M
1980,John,35263,M
1981,John,34877,M
1982,John,34683,M
1983,John,33142,M
1984,John,32591,M
1985,John,31490,M
1986,John,30183,M
1987,John,29533,M
1988,John,29390,M
1989,John,29836,M
1990,John,29067,M
1991,John,27798,M
1992,John,26240,M
1993,John,24989,M
1994,John,24173,M
1995,John,23230,M
1996,John,22164,M
1997,John,21369,M
1998,John,20612,M
1999,John,20338,M
2000,John,20081,M
2001,John,18878,M
2002,John,17437,M
2003,John,17221,M
2004,John,16436,M
2005,John,15758,M
2006,John,15153,M
2007,John,14423,M
2008,John,13307,M
2009,John,12100,M
2010,John,11539,M
2011,John,11020,M
2012,John,10593,M
2013,John,10670,M
2014,John,10600,M
1880,Noah,103,M
1881,Noah,81,M
1882,Noah,108,M
1883,Noah,81,M
1884,Noah,94,M
1885,Noah,76,M
1886,Noah,90,M
1887,Noah,94,M
1888,Noah,83,M
1889,Noah,85,M
1890,Noah,74,M
1891,Noah,76,M
1892,Noah,79,M
1893,Noah,69,M
1894,Noah,74,M
1895,Noah,72,M
1896,Noah,69,M
1897,Noah,58,M
1898,Noah,68,M
1899,Noah,47,M
1900,Noah,92,M
1901,Noah,56,M
1902,Noah,69,M
1903,Noah,48,M
1904,Noah,46,M
1905,Noah,60,M
1906,Noah,60,M
1907,Noah,61,M
1908,Noah,68,M
1909,Noah,62,M
1910,Noah,87,M
1911,Noah,82,M
1912,Noah,116,M
1913,Noah,141,M
1914,Noah,171,M
1915,Noah,189,M
1916,Noah,229,M
1917,Noah,219,M
1918,Noah,247,M
1919,Noah,253,M
1920,Noah,242,M
1921,Noah,247,M
1922,Noah,237,M
1923,Noah,258,M
1924,Noah,239,M
1925,Noah,219,M
1926,Noah,235,M
1927,Noah,236,M
1928,Noah,174,M
1929,Noah,197,M
1930,Noah,191,M
1931,Noah,180,M
1932,Noah,181,M
1933,Noah,173,M
1934,Noah,148,M
1935,Noah,175,M
1936,Noah,147,M
1937,Noah,143,M
1938,Noah,145,M
1939,Noah,122,M
1940,Noah,150,M
1941,Noah,161,M
1942,Noah,182,M
1943,Noah,155,M
1944,Noah,157,M
1945,Noah,133,M
1946,Noah,130,M
1947,Noah,156,M
1948,Noah,150,M
1949,Noah,148,M
1950,Noah,153,M
1951,Noah,154,M
1952,Noah,143,M
1953,Noah,160,M
1954,Noah,131,M
1955,Noah,133,M
1956,Noah,137,M
1957,Noah,153,M
1958,Noah,137,M
1959,Noah,154,M
1960,Noah,138,M
1961,Noah,126,M
1962,Noah,140,M
1963,Noah,125,M
1964,Noah,138,M
1965,Noah,122,M
1966,Noah,157,M
1967,Noah,156,M
1968,Noah,176,M
1969,Noah,246,M
1970,Noah,341,M
1971,Noah,478,M
1972,Noah,421,M
1973,Noah,493,M
1974,Noah,545,M
1975,Noah,582,M
1976,Noah,545,M
1977,Noah,685,M
1978,Noah,688,M
1979,Noah,914,M
1980,Noah,929,M
1981,Noah,1400,M
1982,Noah,1814,M
1983,Noah,1538,M
1984,Noah,1246,M
1985,Noah,1109,M
1986,Noah,1038,M
1987,Noah,993,M
1988,Noah,1062,M
1989,Noah,1242,M
1990,Noah,1305,M
1991,Noah,1313,M
1992,Noah,1423,M
1993,Noah,1500,M
1994,Noah,2069,M
1995,Noah,3821,M
1996,Noah,7182,M
1997,Noah,9263,M
1998,Noah,13407,M
1999,Noah,14915,M
2000,Noah,14263,M
2001,Noah,13475,M
2002,Noah,12064,M
2003,Noah,11832,M
2004,Noah,11899,M
2005,Noah,13887,M
2006,Noah,16321,M
2007,Noah,16584,M
2008,Noah,15773,M
2009,Noah,17223,M
2010,Noah,16428,M
2011,Noah,16838,M
2012,Noah,17302,M
2013,Noah,18179,M
2014,Noah,19144,M
1880,Jacob,404,M
1881,Jacob,381,M
1882,Jacob,390,M
1883,Jacob,356,M
1884,Jacob,381,M
1885,Jacob,343,M
1886,Jacob,346,M
1887,Jacob,317,M
1888,Jacob,353,M
1889,Jacob,295,M
1890,Jacob,290,M
1891,Jacob,238,M
1892,Jacob,283,M
1893,Jacob,292,M
1894,Jacob,292,M
1895,Jacob,266,M
1896,Jacob,241,M
1897,Jacob,204,M
1898,Jacob,256,M
1899,Jacob,189,M
1900,Jacob,233,M
1901,Jacob,172,M
1902,Jacob,207,M
1903,Jacob,189,M
1904,Jacob,243,M
1905,Jacob,220,M
1906,Jacob,187,M
1907,Jacob,243,M
1908,Jacob,235,M
1909,Jacob,262,M
1910,Jacob,273,M
1911,Jacob,323,M
1912,Jacob,691,M
1913,Jacob,744,M
1914,Jacob,997,M
1915,Jacob,1122,M
1916,Jacob,1132,M
1917,Jacob,1122,M
1918,Jacob,1199,M
1919,Jacob,1082,M
1920,Jacob,1049,M
1921,Jacob,1094,M
1922,Jacob,1027,M
1923,Jacob,975,M
1924,Jacob,971,M
1925,Jacob,900,M
1926,Jacob,810,M
1927,Jacob,855,M
1928,Jacob,717,M
1929,Jacob,647,M
1930,Jacob,622,M
1931,Jacob,572,M
1932,Jacob,557,M
1933,Jacob,538,M
1934,Jacob,546,M
1935,Jacob,476,M
1936,Jacob,501,M
1937,Jacob,536,M
1938,Jacob,487,M
1939,Jacob,427,M
1940,Jacob,514,M
1941,Jacob,466,M
1942,Jacob,524,M
1943,Jacob,476,M
1944,Jacob,438,M
1945,Jacob,416,M
1946,Jacob,457,M
1947,Jacob,521,M
1948,Jacob,550,M
1949,Jacob,490,M
1950,Jacob,465,M
1951,Jacob,502,M
1952,Jacob,561,M
1953,Jacob,595,M
1954,Jacob,561,M
1955,Jacob,575,M
1956,Jacob,535,M
1957,Jacob,540,M
1958,Jacob,509,M
1959,Jacob,557,M
1960,Jacob,490,M
1961,Jacob,510,M
1962,Jacob,475,M
1963,Jacob,492,M
1964,Jacob,525,M
1965,Jacob,488,M
1966,Jacob,456,M
1967,Jacob,452,M
1968,Jacob,554,M
1969,Jacob,658,M
1970,Jacob,918,M
1971,Jacob,1057,M
1972,Jacob,1685,M
1973,Jacob,2131,M
1974,Jacob,2955,M
1975,Jacob,3627,M
1976,Jacob,4517,M
1977,Jacob,5796,M
1978,Jacob,6160,M
1979,Jacob,7548,M
1980,Jacob,8522,M
1981,Jacob,9345,M
1982,Jacob,10050,M
1983,Jacob,10993,M
1984,Jacob,11341,M
1985,Jacob,12266,M
1986,Jacob,13642,M
1987,Jacob,14316,M
1988,Jacob,15866,M
1989,Jacob,17829,M
1990,Jacob,22005,M
1991,Jacob,25186,M
1992,Jacob,25655,M
1993,Jacob,27476,M
1994,Jacob,29407,M
1995,Jacob,31122,M
1996,Jacob,31912,M
1997,Jacob,34141,M
1998,Jacob,36001,M
1999,Jacob,35344,M
2000,Jacob,34465,M
2001,Jacob,32527,M
2002,Jacob,30556,M
2003,Jacob,29615,M
2004,Jacob,27871,M
2005,Jacob,25814,M
2006,Jacob,24830,M
2007,Jacob,24252,M
2008,Jacob,22568,M
2009,Jacob,21144,M
2010,Jacob,22082,M
2011,Jacob,20331,M
2012,Jacob,19030,M
2013,Jacob,18072,M
2014,Jacob,16712,M
1880,James,5927,M
1881,James,5442,M
1882,James,5892,M
1883,James,5224,M
1884,James,5693,M
1885,James,5175,M
1886,James,5355,M
1887,James,4768,M
1888,James,5562,M
1889,James,5020,M
1890,James,5097,M
1891,James,4516,M
1892,James,5398,M
1893,James,5028,M
1894,James,5110,M
1895,James,5335,M
1896,James,5207,M
1897,James,5113,M
1898,James,5321,M
1899,James,4598,M
1900,James,7245,M
1901,James,4735,M
1902,James,5592,M
1903,James,5480,M
1904,James,5855,M
1905,James,6042,M
1906,James,5908,M
1907,James,6707,M
1908,James,7012,M
1909,James,7594,M
1910,James,9195,M
1911,James,9951,M
1912,James,17644,M
1913,James,20831,M
1914,James,26263,M
1915,James,33776,M
1916,James,35569,M
1917,James,37340,M
1918,James,42122,M
1919,James,42390,M
1920,James,47917,M
1921,James,49748,M
1922,James,49813,M
1923,James,50464,M
1924,James,52936,M
1925,James,52688,M
1926,James,53208,M
1927,James,53663,M
1928,James,52750,M
1929,James,52116,M
1930,James,53933,M
1931,James,51199,M
1932,James,51922,M
1933,James,51099,M
1934,James,54236,M
1935,James,54986,M
1936,James,54672,M
1937,James,56546,M
1938,James,59092,M
1939,James,59627,M
1940,James,62472,M
1941,James,66719,M
1942,James,77173,M
1943,James,80248,M
1944,James,76944,M
1945,James,74450,M
1946,James,87425,M
1947,James,94755,M
1948,James,88596,M
1949,James,86856,M
1950,James,86221,M
1951,James,87175,M
1952,James,87083,M
1953,James,85946,M
1954,James,86277,M
1955,James,84130,M
1956,James,84860,M
1957,James,84242,M
1958,James,78731,M
1959,James,78597,M
1960,James,76872,M
1961,James,75896,M
1962,James,72563,M
1963,James,71332,M
1964,James,73050,M
1965,James,67707,M
1966,James,65193,M
1967,James,61704,M
1968,James,60730,M
1969,James,59940,M
1970,James,61775,M
1971,James,54608,M
1972,James,47084,M
1973,James,42896,M
1974,James,41365,M
1975,James,39595,M
1976,James,38311,M
1977,James,40051,M
1978,James,39908,M
1979,James,39371,M
1980,James,39312,M
1981,James,38301,M
1982,James,38867,M
1983,James,36336,M
1984,James,35843,M
1985,James,35840,M
1986,James,34026,M
1987,James,32628,M
1988,James,32490,M
1989,James,32695,M
1990,James,32344,M
1991,James,30501,M
1992,James,28502,M
1993,James,26249,M
1994,James,24764,M
1995,James,22727,M
1996,James,21152,M
1997,James,20399,M
1998,James,19682,M
1999,James,18550,M
2000,James,17974,M
2001,James,17066,M
2002,James,16951,M
2003,James,16888,M
2004,James,16451,M
2005,James,16120,M
2006,James,16226,M
2007,James,15941,M
2008,James,15154,M
2009,James,14175,M
2010,James,13852,M
2011,James,13227,M
2012,James,13385,M
2013,James,13502,M
2014,James,14301,M
1880,Michael,354,M
1881,Michael,298,M
1882,Michael,321,M
1883,Michael,307,M
1884,Michael,373,M
1885,Michael,370,M
1886,Michael,348,M
1887,Michael,345,M
1888,Michael,466,M
1889,Michael,377,M
1890,Michael,394,M
1891,Michael,333,M
1892,Michael,380,M
1893,Michael,407,M
1894,Michael,423,M
1895,Michael,413,M
1896,Michael,400,M
1897,Michael,368,M
1898,Michael,434,M
1899,Michael,375,M
1900,Michael,497,M
1901,Michael,384,M
1902,Michael,460,M
1903,Michael,466,M
1904,Michael,462,M
1905,Michael,514,M
1906,Michael,531,M
1907,Michael,586,M
1908,Michael,689,M
1909,Michael,635,M
1910,Michael,844,M
1911,Michael,1159,M
1912,Michael,2104,M
1913,Michael,2607,M
1914,Michael,3363,M
1915,Michael,4083,M
1916,Michael,4210,M
1917,Michael,4290,M
1918,Michael,4296,M
1919,Michael,3913,M
1920,Michael,4003,M
1921,Michael,4198,M
1922,Michael,3990,M
1923,Michael,3914,M
1924,Michael,3873,M
1925,Michael,3762,M
1926,Michael,3487,M
1927,Michael,3606,M
1928,Michael,3595,M
1929,Michael,3463,M
1930,Michael,3541,M
1931,Michael,3491,M
1932,Michael,3609,M
1933,Michael,3544,M
1934,Michael,4107,M
1935,Michael,4906,M
1936,Michael,5802,M
1937,Michael,7094,M
1938,Michael,9079,M
1939,Michael,10824,M
1940,Michael,13231,M
1941,Michael,15930,M
1942,Michael,21728,M
1943,Michael,24741,M
1944,Michael,26732,M
1945,Michael,29912,M
1946,Michael,41178,M
1947,Michael,50495,M
1948,Michael,52569,M
1949,Michael,60041,M
1950,Michael,65154,M
1951,Michael,72750,M
1952,Michael,79022,M
1953,Michael,84164,M
1954,Michael,88485,M
1955,Michael,88283,M
1956,Michael,90633,M
1957,Michael,92709,M
1958,Michael,90519,M
1959,Michael,85272,M
1960,Michael,84206,M
1961,Michael,86916,M
1962,Michael,85046,M
1963,Michael,83795,M
1964,Michael,82674,M
1965,Michael,81048,M
1966,Michael,80002,M
1967,Michael,82454,M
1968,Michael,82019,M
1969,Michael,85227,M
1970,Michael,85321,M
1971,Michael,77611,M
1972,Michael,71426,M
1973,Michael,67864,M
1974,Michael,67577,M
1975,Michael,68457,M
1976,Michael,66971,M
1977,Michael,67611,M
1978,Michael,67153,M
1979,Michael,67728,M
1980,Michael,68666,M
1981,Michael,68752,M
1982,Michael,68204,M
1983,Michael,67986,M
1984,Michael,67722,M
1985,Michael,64887,M
1986,Michael,64184,M
1987,Michael,63631,M
1988,Michael,64116,M
1989,Michael,65374,M
1990,Michael,65274,M
1991,Michael,60781,M
1992,Michael,54377,M
1993,Michael,49553,M
1994,Michael,44465,M
1995,Michael,41403,M
1996,Michael,38364,M
1997,Michael,37543,M
1998,Michael,36613,M
1999,Michael,33905,M
2000,Michael,32025,M
2001,Michael,29675,M
2002,Michael,28242,M
2003,Michael,27107,M
2004,Michael,25438,M
2005,Michael,23795,M
2006,Michael,22625,M
2007,Michael,21964,M
2008,Michael,20590,M
2009,Michael,18909,M
2010,Michael,17308,M
2011,Michael,16744,M
2012,Michael,16106,M
2013,Michael,15426,M
2014,Michael,15323,M
1880,Robert,2415,M
1881,Robert,2140,M
1882,Robert,2500,M
1883,Robert,2334,M
1884,Robert,2469,M
1885,Robert,2322,M
1886,Robert,2444,M
1887,Robert,2125,M
1888,Robert,2815,M
1889,Robert,2513,M
1890,Robert,2541,M
1891,Robert,2240,M
1892,Robert,2711,M
1893,Robert,2563,M
1894,Robert,2497,M
1895,Robert,2635,M
1896,Robert,2719,M
1897,Robert,2701,M
1898,Robert,2932,M
1899,Robert,2609,M
1900,Robert,3823,M
1901,Robert,2543,M
1902,Robert,3180,M
1903,Robert,3044,M
1904,Robert,3414,M
1905,Robert,3410,M
1906,Robert,3635,M
1907,Robert,4020,M
1908,Robert,4220,M
1909,Robert,4563,M
1910,Robert,5610,M
1911,Robert,6526,M
1912,Robert,12837,M
1913,Robert,15682,M
1914,Robert,21188,M
1915,Robert,28738,M
1916,Robert,31741,M
1917,Robert,35219,M
1918,Robert,40623,M
1919,Robert,41029,M
1920,Robert,48680,M
1921,Robert,52782,M
1922,Robert,53797,M
1923,Robert,56116,M
1924,Robert,60792,M
1925,Robert,60903,M
1926,Robert,61118,M
1927,Robert,61664,M
1928,Robert,60680,M
1929,Robert,59802,M
1930,Robert,62143,M
1931,Robert,60497,M
1932,Robert,59248,M
1933,Robert,54205,M
1934,Robert,55826,M
1935,Robert,56514,M
1936,Robert,58486,M
1937,Robert,61821,M
1938,Robert,62262,M
1939,Robert,59640,M
1940,Robert,61192,M
1941,Robert,64233,M
1942,Robert,71834,M
1943,Robert,74853,M
1944,Robert,70843,M
1945,Robert,69926,M
1946,Robert,84130,M
1947,Robert,91642,M
1948,Robert,85479,M
1949,Robert,83841,M
1950,Robert,83540,M
1951,Robert,86327,M
1952,Robert,86572,M
1953,Robert,86135,M
1954,Robert,86258,M
1955,Robert,83676,M
1956,Robert,83903,M
1957,Robert,81707,M
1958,Robert,77285,M
1959,Robert,74506,M
1960,Robert,72386,M
1961,Robert,72908,M
1962,Robert,70214,M
1963,Robert,70024,M
1964,Robert,69994,M
1965,Robert,63146,M
1966,Robert,59350,M
1967,Robert,56385,M
1968,Robert,58229,M
1969,Robert,58342,M
1970,Robert,57213,M
1971,Robert,50656,M
1972,Robert,43035,M
1973,Robert,38721,M
1974,Robert,37046,M
1975,Robert,35337,M
1976,Robert,33815,M
1977,Robert,34221,M
1978,Robert,33381,M
1979,Robert,34025,M
1980,Robert,34273,M
1981,Robert,34388,M
1982,Robert,34411,M
1983,Robert,32739,M
1984,Robert,31752,M
1985,Robert,32078,M
1986,Robert,31332,M
1987,Robert,30232,M
1988,Robert,30306,M
1989,Robert,30064,M
1990,Robert,28864,M
1991,Robert,26827,M
1992,Robert,24086,M
1993,Robert,22444,M
1994,Robert,20555,M
1995,Robert,18583,M
1996,Robert,17669,M
1997,Robert,16301,M
1998,Robert,15524,M
1999,Robert,14535,M
2000,Robert,13733,M
2001,Robert,12659,M
2002,Robert,12023,M
2003,Robert,11386,M
2004,Robert,10672,M
2005,Robert,10147,M
2006,Robert,9891,M
2007,Robert,9366,M
2008,Robert,8819,M
2009,Robert,7812,M
2010,Robert,7539,M
2011,Robert,6952,M
2012,Robert,6926,M
2013,Robert,6679,M
2014,Robert,6572,M